beta_variation_max_abs,contact_max_speed,contact_mean_speed,contact_num_sliding,description,estimated_ground_y,folder,foot_source,fps,frames,ground_confidence,max_foot_y,min_foot_y,opensim_motion,penetration0_count,penetration0_max,penetration0_mean,penetration_estimated_count,penetration_estimated_max,penetration_estimated_mean,pkl,pose_delta_lower_max_abs,pose_delta_total_max_abs,pose_delta_upper_max_abs,retarget_dir,root_max_vertical_accel,root_rms_vertical_accel,sequence,sequence_group,stage_id,stage_order,track_id
0.89629537,3.25879216,0.42381021,229,Original WHAM signal,-0.85879177,/data3/yangfeiyang/WorkSpace/optimized_wham/output/forehand_clear/6月2日(1)-1,feet_refined,60.0,90,high,-0.71161383,-0.90921491,,360,0.90921491,0.84358096,175,0.05042315,0.0104341,/data3/yangfeiyang/WorkSpace/optimized_wham/output/forehand_clear/6月2日(1)-1/wham_output.pkl,0.0,0.0,0.0,,0.00208254,0.00061104,6月2日(1)-1,june2_repeat,00_raw_wham,0,merged
0.0,3.25879216,0.42381021,229,Fixed-beta canonical signal,-0.85879177,/data3/yangfeiyang/WorkSpace/optimized_wham/output/forehand_clear/6月2日(1)-1,feet_refined,60.0,90,high,-0.71161383,-0.90921491,,360,0.90921491,0.84358096,175,0.05042315,0.0104341,/data3/yangfeiyang/WorkSpace/optimized_wham/output/forehand_clear/6月2日(1)-1/canonical_wham_output.pkl,0.0,0.0,0.0,,0.00378799,0.00077706,6月2日(1)-1,june2_repeat,01_fixed_beta,1,merged
0.0,3.25879216,0.42381021,229,World-grounded signal,0.00793606,/data3/yangfeiyang/WorkSpace/optimized_wham/output/forehand_clear/6月2日(1)-1,feet_refined,60.0,90,high,0.16339272,-0.03857762,,83,0.03857762,0.00330476,155,0.04651368,0.00612595,/data3/yangfeiyang/WorkSpace/optimized_wham/output/forehand_clear/6月2日(1)-1/world_grounded/optimized_canonical_wham_output.pkl,0.0,0.0,0.0,,0.00411201,0.00074591,6月2日(1)-1,june2_repeat,02_world_grounded,2,merged
0.0,8.16729736,0.35296959,50,Post-processed signal: world-grounded plus lower-body/contact correction,0.00700372,/data3/yangfeiyang/WorkSpace/optimized_wham/output/forehand_clear/6月2日(1)-1,feet_refined,60.0,90,high,0.11207461,-0.00593364,,54,0.00593364,0.00027194,167,0.01293737,0.0019545,/data3/yangfeiyang/WorkSpace/optimized_wham/output/forehand_clear/6月2日(1)-1/lower_body_corrected/corrected_smpl.pkl,0.41354907,0.41354907,0.0,,0.00411201,0.00074591,6月2日(1)-1,june2_repeat,03_lower_body_corrected,3,merged
0.93551385,2.84817481,0.37947989,272,Original WHAM signal,-0.86073124,/data3/yangfeiyang/WorkSpace/optimized_wham/output/forehand_clear/6月2日(1)-10,feet_refined,60.0,114,high,-0.68939555,-0.88835877,,456,0.88835877,0.83568197,200,0.02762753,0.00581232,/data3/yangfeiyang/WorkSpace/optimized_wham/output/forehand_clear/6月2日(1)-10/wham_output.pkl,0.0,0.0,0.0,,0.00217806,0.00053937,6月2日(1)-10,june2_repeat,00_raw_wham,0,merged
0.0,2.84817481,0.37947989,272,Fixed-beta canonical signal,-0.86073124,/data3/yangfeiyang/WorkSpace/optimized_wham/output/forehand_clear/6月2日(1)-10,feet_refined,60.0,114,high,-0.68939555,-0.88835877,,456,0.88835877,0.83568197,200,0.02762753,0.00581232,/data3/yangfeiyang/WorkSpace/optimized_wham/output/forehand_clear/6月2日(1)-10/canonical_wham_output.pkl,0.0,0.0,0.0,,0.00387621,0.00068255,6月2日(1)-10,june2_repeat,01_fixed_beta,1,merged
0.0,2.84817481,0.37947989,272,World-grounded signal,0.00586247,/data3/yangfeiyang/WorkSpace/optimized_wham/output/forehand_clear/6月2日(1)-10,feet_refined,60.0,114,high,0.19205385,-0.01964068,,99,0.01964068,0.00198563,194,0.02550316,0.00401534,/data3/yangfeiyang/WorkSpace/optimized_wham/output/forehand_clear/6月2日(1)-10/world_grounded/optimized_canonical_wham_output.pkl,0.0,0.0,0.0,,0.00174946,0.00050013,6月2日(1)-10,june2_repeat,02_world_grounded,2,merged
0.0,8.57501125,0.28204158,86,Post-processed signal: world-grounded plus lower-body/contact correction,0.00769323,/data3/yangfeiyang/WorkSpace/optimized_wham/output/forehand_clear/6月2日(1)-10,feet_refined,60.0,114,high,0.15554935,-0.00166756,,14,0.00166756,2.07e-05,202,0.00936079,0.0013213,/data3/yangfeiyang/WorkSpace/optimized_wham/output/forehand_clear/6月2日(1)-10/lower_body_corrected/corrected_smpl.pkl,0.42781872,0.42781872,0.0,,0.00174946,0.00050013,6月2日(1)-10,june2_repeat,03_lower_body_corrected,3,merged
0.79972988,3.19530773,0.4308134,321,Original WHAM signal,-0.85436493,/data3/yangfeiyang/WorkSpace/optimized_wham/output/forehand_clear/6月2日(1)-2,feet_refined,60.0,114,high,-0.70076805,-0.91031313,,456,0.91031313,0.83615458,228,0.0559482,0.01101244,/data3/yangfeiyang/WorkSpace/optimized_wham/output/forehand_clear/6月2日(1)-2/wham_output.pkl,0.0,0.0,0.0,,0.00222887,0.00061295,6月2日(1)-2,june2_repeat,00_raw_wham,0,merged
0.0,3.19530773,0.4308134,321,Fixed-beta canonical signal,-0.85436493,/data3/yangfeiyang/WorkSpace/optimized_wham/output/forehand_clear/6月2日(1)-2,feet_refined,60.0,114,high,-0.70076805,-0.91031313,,456,0.91031313,0.83615458,228,0.0559482,0.01101244,/data3/yangfeiyang/WorkSpace/optimized_wham/output/forehand_clear/6月2日(1)-2/canonical_wham_output.pkl,0.0,0.0,0.0,,0.00516635,0.00081588,6月2日(1)-2,june2_repeat,01_fixed_beta,1,merged
0.0,3.19530773,0.4308134,321,World-grounded signal,0.00488049,/data3/yangfeiyang/WorkSpace/optimized_wham/output/forehand_clear/6月2日(1)-2,feet_refined,60.0,114,high,0.19660783,-0.03956759,,136,0.03956759,0.00440031,207,0.04444808,0.00634985,/data3/yangfeiyang/WorkSpace/optimized_wham/output/forehand_clear/6月2日(1)-2/world_grounded/optimized_canonical_wham_output.pkl,0.0,0.0,0.0,,0.00435013,0.00073772,6月2日(1)-2,june2_repeat,02_world_grounded,2,merged
0.0,11.17865181,0.39161345,77,Post-processed signal: world-grounded plus lower-body/contact correction,0.00668889,/data3/yangfeiyang/WorkSpace/optimized_wham/output/forehand_clear/6月2日(1)-2,feet_refined,60.0,114,high,0.15633941,-0.00742149,,74,0.00742149,0.00035083,213,0.01411039,0.00222763,/data3/yangfeiyang/WorkSpace/optimized_wham/output/forehand_clear/6月2日(1)-2/lower_body_corrected/corrected_smpl.pkl,0.3907609,0.3907609,0.0,,0.00435013,0.00073772,6月2日(1)-2,june2_repeat,03_lower_body_corrected,3,merged
0.95104957,2.95768929,0.39013085,257,Original WHAM signal,-0.85841095,/data3/yangfeiyang/WorkSpace/optimized_wham/output/forehand_clear/6月2日(1)-3,feet_refined,60.0,106,high,-0.70448029,-0.9036634,,424,0.9036634,0.83975345,205,0.04525244,0.00853136,/data3/yangfeiyang/WorkSpace/optimized_wham/output/forehand_clear/6月2日(1)-3/wham_output.pkl,0.0,0.0,0.0,,0.0024291,0.000563,6月2日(1)-3,june2_repeat,00_raw_wham,0,merged
0.0,2.95768929,0.39013085,257,Fixed-beta canonical signal,-0.85841095,/data3/yangfeiyang/WorkSpace/optimized_wham/output/forehand_clear/6月2日(1)-3,feet_refined,60.0,106,high,-0.70448029,-0.9036634,,424,0.9036634,0.83975345,205,0.04525244,0.00853136,/data3/yangfeiyang/WorkSpace/optimized_wham/output/forehand_clear/6月2日(1)-3/canonical_wham_output.pkl,0.0,0.0,0.0,,0.00425917,0.00077978,6月2日(1)-3,june2_repeat,01_fixed_beta,1,merged
0.0,2.95768929,0.39013085,257,World-grounded signal,0.00576645,/data3/yangfeiyang/WorkSpace/optimized_wham/output/forehand_clear/6月2日(1)-3,feet_refined,60.0,106,high,0.19050223,-0.03375268,,98,0.03375268,0.00283012,191,0.03951913,0.00487241,/data3/yangfeiyang/WorkSpace/optimized_wham/output/forehand_clear/6月2日(1)-3/world_grounded/optimized_canonical_wham_output.pkl,0.0,0.0,0.0,,0.00266337,0.00062868,6月2日(1)-3,june2_repeat,02_world_grounded,2,merged
0.0,11.23613262,0.34030715,73,Post-processed signal: world-grounded plus lower-body/contact correction,0.00679702,/data3/yangfeiyang/WorkSpace/optimized_wham/output/forehand_clear/6月2日(1)-3,feet_refined,60.0,106,high,0.14104104,-0.00592029,,59,0.00592029,0.00026743,199,0.01271731,0.00186191,/data3/yangfeiyang/WorkSpace/optimized_wham/output/forehand_clear/6月2日(1)-3/lower_body_corrected/corrected_smpl.pkl,0.42336756,0.42336756,0.0,,0.00266337,0.00062868,6月2日(1)-3,june2_repeat,03_lower_body_corrected,3,merged
0.87978166,3.20708823,0.3907308,241,Original WHAM signal,-0.84660363,/data3/yangfeiyang/WorkSpace/optimized_wham/output/forehand_clear/6月2日(1)-4,feet_refined,60.0,105,high,-0.69119209,-0.89355707,,420,0.89355707,0.82939303,207,0.04695344,0.00913052,/data3/yangfeiyang/WorkSpace/optimized_wham/output/forehand_clear/6月2日(1)-4/wham_output.pkl,0.0,0.0,0.0,,0.00350921,0.00066766,6月2日(1)-4,june2_repeat,00_raw_wham,0,merged
0.0,3.20708823,0.3907308,241,Fixed-beta canonical signal,-0.84660363,/data3/yangfeiyang/WorkSpace/optimized_wham/output/forehand_clear/6月2日(1)-4,feet_refined,60.0,105,high,-0.69119209,-0.89355707,,420,0.89355707,0.82939303,207,0.04695344,0.00913052,/data3/yangfeiyang/WorkSpace/optimized_wham/output/forehand_clear/6月2日(1)-4/canonical_wham_output.pkl,0.0,0.0,0.0,,0.00398707,0.00084541,6月2日(1)-4,june2_repeat,01_fixed_beta,1,merged
0.0,3.20708823,0.3907308,241,World-grounded signal,0.01116043,/data3/yangfeiyang/WorkSpace/optimized_wham/output/forehand_clear/6月2日(1)-4,feet_refined,60.0,105,high,0.16016155,-0.03320825,,92,0.03320825,0.00352056,200,0.04436868,0.00754902,/data3/yangfeiyang/WorkSpace/optimized_wham/output/forehand_clear/6月2日(1)-4/world_grounded/optimized_canonical_wham_output.pkl,0.0,0.0,0.0,,0.00554532,0.00109836,6月2日(1)-4,june2_repeat,02_world_grounded,2,merged
0.0,10.27326107,0.27497429,51,Post-processed signal: world-grounded plus lower-body/contact correction,0.00818574,/data3/yangfeiyang/WorkSpace/optimized_wham/output/forehand_clear/6月2日(1)-4,feet_refined,60.0,105,high,0.1144172,-0.00505513,,64,0.00505513,0.00025981,211,0.01324087,0.00234648,/data3/yangfeiyang/WorkSpace/optimized_wham/output/forehand_clear/6月2日(1)-4/lower_body_corrected/corrected_smpl.pkl,0.4691506,0.4691506,0.0,,0.00554532,0.00109836,6月2日(1)-4,june2_repeat,03_lower_body_corrected,3,merged
0.94874758,2.9244585,0.38104978,232,Original WHAM signal,-0.85788351,/data3/yangfeiyang/WorkSpace/optimized_wham/output/forehand_clear/6月2日(1)-5,feet_refined,60.0,98,high,-0.71922058,-0.90361565,,392,0.90361565,0.84119332,193,0.04573214,0.00905499,/data3/yangfeiyang/WorkSpace/optimized_wham/output/forehand_clear/6月2日(1)-5/wham_output.pkl,0.0,0.0,0.0,,0.00156889,0.00048862,6月2日(1)-5,june2_repeat,00_raw_wham,0,merged
0.0,2.9244585,0.38104978,232,Fixed-beta canonical signal,-0.85788351,/data3/yangfeiyang/WorkSpace/optimized_wham/output/forehand_clear/6月2日(1)-5,feet_refined,60.0,98,high,-0.71922058,-0.90361565,,392,0.90361565,0.84119332,193,0.04573214,0.00905499,/data3/yangfeiyang/WorkSpace/optimized_wham/output/forehand_clear/6月2日(1)-5/canonical_wham_output.pkl,0.0,0.0,0.0,,0.00398797,0.00069456,6月2日(1)-5,june2_repeat,01_fixed_beta,1,merged
0.0,2.9244585,0.38104978,232,World-grounded signal,0.00525957,/data3/yangfeiyang/WorkSpace/optimized_wham/output/forehand_clear/6月2日(1)-5,feet_refined,60.0,98,high,0.14572495,-0.03846163,,94,0.03846163,0.003362,179,0.0437212,0.00527771,/data3/yangfeiyang/WorkSpace/optimized_wham/output/forehand_clear/6月2日(1)-5/world_grounded/optimized_canonical_wham_output.pkl,0.0,0.0,0.0,,0.00371134,0.00092628,6月2日(1)-5,june2_repeat,02_world_grounded,2,merged
0.0,8.78348732,0.3427881,55,Post-processed signal: world-grounded plus lower-body/contact correction,0.0074898,/data3/yangfeiyang/WorkSpace/optimized_wham/output/forehand_clear/6月2日(1)-5,feet_refined,60.0,98,high,0.11188173,-0.00531214,,57,0.00531214,0.0002982,190,0.01280195,0.00214034,/data3/yangfeiyang/WorkSpace/optimized_wham/output/forehand_clear/6月2日(1)-5/lower_body_corrected/corrected_smpl.pkl,0.43065262,0.43065262,0.0,,0.00371134,0.00092628,6月2日(1)-5,june2_repeat,03_lower_body_corrected,3,merged
0.81598657,2.98520422,0.34392506,255,Original WHAM signal,-0.84934831,/data3/yangfeiyang/WorkSpace/optimized_wham/output/forehand_clear/6月2日(1)-6,feet_refined,60.0,113,high,-0.72746849,-0.87828839,,452,0.87828839,0.83004332,221,0.02894008,0.00543631,/data3/yangfeiyang/WorkSpace/optimized_wham/output/forehand_clear/6月2日(1)-6/wham_output.pkl,0.0,0.0,0.0,,0.00369479,0.00060511,6月2日(1)-6,june2_repeat,00_raw_wham,0,merged
0.0,2.98520422,0.34392506,255,Fixed-beta canonical signal,-0.84934831,/data3/yangfeiyang/WorkSpace/optimized_wham/output/forehand_clear/6月2日(1)-6,feet_refined,60.0,113,high,-0.72746849,-0.87828839,,452,0.87828839,0.83004332,221,0.02894008,0.00543631,/data3/yangfeiyang/WorkSpace/optimized_wham/output/forehand_clear/6月2日(1)-6/canonical_wham_output.pkl,0.0,0.0,0.0,,0.00567997,0.00084444,6月2日(1)-6,june2_repeat,01_fixed_beta,1,merged
0.0,2.98520422,0.34392506,255,World-grounded signal,0.00303155,/data3/yangfeiyang/WorkSpace/optimized_wham/output/forehand_clear/6月2日(1)-6,feet_refined,60.0,113,high,0.12776029,-0.02135801,,102,0.02135801,0.00184387,207,0.02438956,0.00300305,/data3/yangfeiyang/WorkSpace/optimized_wham/output/forehand_clear/6月2日(1)-6/world_grounded/optimized_canonical_wham_output.pkl,0.0,0.0,0.0,,0.00252491,0.00065602,6月2日(1)-6,june2_repeat,02_world_grounded,2,merged
0.0,9.75229168,0.32671478,52,Post-processed signal: world-grounded plus lower-body/contact correction,0.00654829,/data3/yangfeiyang/WorkSpace/optimized_wham/output/forehand_clear/6月2日(1)-6,feet_refined,60.0,113,high,0.13282436,-0.00415921,,29,0.00415921,4.125e-05,225,0.0107075,0.00128324,/data3/yangfeiyang/WorkSpace/optimized_wham/output/forehand_clear/6月2日(1)-6/lower_body_corrected/corrected_smpl.pkl,0.45247129,0.45247129,0.0,,0.00252491,0.00065602,6月2日(1)-6,june2_repeat,03_lower_body_corrected,3,merged
0.92017555,3.58293486,0.38637319,250,Original WHAM signal,-0.85551506,/data3/yangfeiyang/WorkSpace/optimized_wham/output/forehand_clear/6月2日(1)-7,feet_refined,60.0,104,high,-0.69948858,-0.88799906,,416,0.88799906,0.83348024,187,0.03248399,0.00641954,/data3/yangfeiyang/WorkSpace/optimized_wham/output/forehand_clear/6月2日(1)-7/wham_output.pkl,0.0,0.0,0.0,,0.00252041,0.00060324,6月2日(1)-7,june2_repeat,00_raw_wham,0,merged
0.0,3.58293486,0.38637319,250,Fixed-beta canonical signal,-0.85551506,/data3/yangfeiyang/WorkSpace/optimized_wham/output/forehand_clear/6月2日(1)-7,feet_refined,60.0,104,high,-0.69948858,-0.88799906,,416,0.88799906,0.83348024,187,0.03248399,0.00641954,/data3/yangfeiyang/WorkSpace/optimized_wham/output/forehand_clear/6月2日(1)-7/canonical_wham_output.pkl,0.0,0.0,0.0,,0.00446481,0.00079834,6月2日(1)-7,june2_repeat,01_fixed_beta,1,merged
0.0,3.58293486,0.38637319,250,World-grounded signal,0.01051462,/data3/yangfeiyang/WorkSpace/optimized_wham/output/forehand_clear/6月2日(1)-7,feet_refined,60.0,104,high,0.1639173,-0.01516855,,87,0.01516855,0.00109803,180,0.02568316,0.00483806,/data3/yangfeiyang/WorkSpace/optimized_wham/output/forehand_clear/6月2日(1)-7/world_grounded/optimized_canonical_wham_output.pkl,0.0,0.0,0.0,,0.00316638,0.00069072,6月2日(1)-7,june2_repeat,02_world_grounded,2,merged
0.0,9.16534615,0.38408738,74,Post-processed signal: world-grounded plus lower-body/contact correction,0.00697732,/data3/yangfeiyang/WorkSpace/optimized_wham/output/forehand_clear/6月2日(1)-7,feet_refined,60.0,104,high,0.13414872,-0.00406873,,10,0.00406873,2.162e-05,192,0.01104605,0.00132906,/data3/yangfeiyang/WorkSpace/optimized_wham/output/forehand_clear/6月2日(1)-7/lower_body_corrected/corrected_smpl.pkl,0.41728655,0.41728655,0.0,,0.00316638,0.00069072,6月2日(1)-7,june2_repeat,03_lower_body_corrected,3,merged
0.97992581,3.00763083,0.39051259,230,Original WHAM signal,-0.85778403,/data3/yangfeiyang/WorkSpace/optimized_wham/output/forehand_clear/6月2日(1)-8,feet_refined,60.0,107,high,-0.71200037,-0.90397125,,428,0.90397125,0.83983982,210,0.04618722,0.00945069,/data3/yangfeiyang/WorkSpace/optimized_wham/output/forehand_clear/6月2日(1)-8/wham_output.pkl,0.0,0.0,0.0,,0.00190617,0.0005845,6月2日(1)-8,june2_repeat,00_raw_wham,0,merged
0.0,3.00763083,0.39051259,230,Fixed-beta canonical signal,-0.85778403,/data3/yangfeiyang/WorkSpace/optimized_wham/output/forehand_clear/6月2日(1)-8,feet_refined,60.0,107,high,-0.71200037,-0.90397125,,428,0.90397125,0.83983982,210,0.04618722,0.00945069,/data3/yangfeiyang/WorkSpace/optimized_wham/output/forehand_clear/6月2日(1)-8/canonical_wham_output.pkl,0.0,0.0,0.0,,0.00353867,0.00073131,6月2日(1)-8,june2_repeat,01_fixed_beta,1,merged
0.0,3.00763083,0.39051259,230,World-grounded signal,0.0064196,/data3/yangfeiyang/WorkSpace/optimized_wham/output/forehand_clear/6月2日(1)-8,feet_refined,60.0,107,high,0.18335718,-0.02886397,,84,0.02886397,0.00227561,182,0.03528357,0.00464138,/data3/yangfeiyang/WorkSpace/optimized_wham/output/forehand_clear/6月2日(1)-8/world_grounded/optimized_canonical_wham_output.pkl,0.0,0.0,0.0,,0.0026986,0.00059597,6月2日(1)-8,june2_repeat,02_world_grounded,2,merged
0.0,11.18776798,0.38209963,84,Post-processed signal: world-grounded plus lower-body/contact correction,0.00681567,/data3/yangfeiyang/WorkSpace/optimized_wham/output/forehand_clear/6月2日(1)-8,feet_refined,60.0,107,high,0.14571404,-0.00583887,,44,0.00583887,0.00010638,197,0.01265454,0.00160966,/data3/yangfeiyang/WorkSpace/optimized_wham/output/forehand_clear/6月2日(1)-8/lower_body_corrected/corrected_smpl.pkl,0.43577245,0.43577245,0.0,,0.0026986,0.00059597,6月2日(1)-8,june2_repeat,03_lower_body_corrected,3,merged
0.94735801,3.17559886,0.38850731,227,Original WHAM signal,-0.85782319,/data3/yangfeiyang/WorkSpace/optimized_wham/output/forehand_clear/6月2日(1)-9,feet_refined,60.0,96,high,-0.74155515,-0.89978379,,384,0.89978379,0.84611988,190,0.0419606,0.01071433,/data3/yangfeiyang/WorkSpace/optimized_wham/output/forehand_clear/6月2日(1)-9/wham_output.pkl,0.0,0.0,0.0,,0.00212351,0.0005505,6月2日(1)-9,june2_repeat,00_raw_wham,0,merged
0.0,3.17559886,0.38850731,227,Fixed-beta canonical signal,-0.85782319,/data3/yangfeiyang/WorkSpace/optimized_wham/output/forehand_clear/6月2日(1)-9,feet_refined,60.0,96,high,-0.74155515,-0.89978379,,384,0.89978379,0.84611988,190,0.0419606,0.01071433,/data3/yangfeiyang/WorkSpace/optimized_wham/output/forehand_clear/6月2日(1)-9/canonical_wham_output.pkl,0.0,0.0,0.0,,0.00431448,0.00073833,6月2日(1)-9,june2_repeat,01_fixed_beta,1,merged
0.0,3.17559886,0.38850731,227,World-grounded signal,0.0122748,/data3/yangfeiyang/WorkSpace/optimized_wham/output/forehand_clear/6月2日(1)-9,feet_refined,60.0,96,high,0.12707907,-0.02803081,,93,0.02803081,0.00266,180,0.04030561,0.00707923,/data3/yangfeiyang/WorkSpace/optimized_wham/output/forehand_clear/6月2日(1)-9/world_grounded/optimized_canonical_wham_output.pkl,0.0,0.0,0.0,,0.00245297,0.00055421,6月2日(1)-9,june2_repeat,02_world_grounded,2,merged
0.0,9.77272892,0.30151552,41,Post-processed signal: world-grounded plus lower-body/contact correction,0.00852513,/data3/yangfeiyang/WorkSpace/optimized_wham/output/forehand_clear/6月2日(1)-9,feet_refined,60.0,96,high,0.12132561,-0.00376511,,40,0.00376511,0.00013364,185,0.01229024,0.00223571,/data3/yangfeiyang/WorkSpace/optimized_wham/output/forehand_clear/6月2日(1)-9/lower_body_corrected/corrected_smpl.pkl,0.39469221,0.39469221,0.0,,0.00245297,0.00055421,6月2日(1)-9,june2_repeat,03_lower_body_corrected,3,merged
1.06080055,2.78564715,0.32112387,219,Original WHAM signal,-0.85182834,/data3/yangfeiyang/WorkSpace/optimized_wham/output/forehand_clear/6月2日-1,feet_refined,60.0,112,high,-0.7253412,-0.88392097,,448,0.88392097,0.83918095,220,0.03209263,0.00852878,/data3/yangfeiyang/WorkSpace/optimized_wham/output/forehand_clear/6月2日-1/wham_output.pkl,0.0,0.0,0.0,,0.00189393,0.00052527,6月2日-1,june2,00_raw_wham,0,merged
0.0,2.78564715,0.32112387,219,Fixed-beta canonical signal,-0.85182834,/data3/yangfeiyang/WorkSpace/optimized_wham/output/forehand_clear/6月2日-1,feet_refined,60.0,112,high,-0.7253412,-0.88392097,,448,0.88392097,0.83918095,220,0.03209263,0.00852878,/data3/yangfeiyang/WorkSpace/optimized_wham/output/forehand_clear/6月2日-1/canonical_wham_output.pkl,0.0,0.0,0.0,,0.00487447,0.00071542,6月2日-1,june2,01_fixed_beta,1,merged
0.0,2.78564715,0.32112387,219,World-grounded signal,0.01886064,/data3/yangfeiyang/WorkSpace/optimized_wham/output/forehand_clear/6月2日-1,feet_refined,60.0,112,high,0.1552977,-0.01697278,,101,0.01697278,0.00123738,215,0.03583342,0.00820387,/data3/yangfeiyang/WorkSpace/optimized_wham/output/forehand_clear/6月2日-1/world_grounded/optimized_canonical_wham_output.pkl,0.0,0.0,0.0,,0.00308555,0.00064548,6月2日-1,june2,02_world_grounded,2,merged
0.0,10.3204155,0.31500065,59,Post-processed signal: world-grounded plus lower-body/contact correction,0.01677859,/data3/yangfeiyang/WorkSpace/optimized_wham/output/forehand_clear/6月2日-1,feet_refined,60.0,112,high,0.15783262,0.00089639,,0,0.0,0.0,210,0.01588219,0.00263925,/data3/yangfeiyang/WorkSpace/optimized_wham/output/forehand_clear/6月2日-1/lower_body_corrected/corrected_smpl.pkl,0.45874971,0.45874971,0.0,,0.00308555,0.00064548,6月2日-1,june2,03_lower_body_corrected,3,merged
0.89641404,2.63178492,0.32334352,258,Original WHAM signal,-0.84905601,/data3/yangfeiyang/WorkSpace/optimized_wham/output/forehand_clear/6月2日-2,feet_refined,60.0,119,high,-0.72293907,-0.89245927,,476,0.89245927,0.83942533,240,0.04340327,0.01063292,/data3/yangfeiyang/WorkSpace/optimized_wham/output/forehand_clear/6月2日-2/wham_output.pkl,0.0,0.0,0.0,,0.00197865,0.00051361,6月2日-2,june2,00_raw_wham,0,merged
0.0,2.63178492,0.32334352,258,Fixed-beta canonical signal,-0.84905601,/data3/yangfeiyang/WorkSpace/optimized_wham/output/forehand_clear/6月2日-2,feet_refined,60.0,119,high,-0.72293907,-0.89245927,,476,0.89245927,0.83942533,240,0.04340327,0.01063292,/data3/yangfeiyang/WorkSpace/optimized_wham/output/forehand_clear/6月2日-2/canonical_wham_output.pkl,0.0,0.0,0.0,,0.00524002,0.00072148,6月2日-2,june2,01_fixed_beta,1,merged
0.0,2.63178492,0.32334352,258,World-grounded signal,0.01590389,/data3/yangfeiyang/WorkSpace/optimized_wham/output/forehand_clear/6月2日-2,feet_refined,60.0,119,high,0.16407102,-0.03228503,,120,0.03228503,0.00212675,235,0.04818892,0.00826585,/data3/yangfeiyang/WorkSpace/optimized_wham/output/forehand_clear/6月2日-2/world_grounded/optimized_canonical_wham_output.pkl,0.0,0.0,0.0,,0.00226176,0.00066059,6月2日-2,june2,02_world_grounded,2,merged
0.0,9.69850159,0.28988826,64,Post-processed signal: world-grounded plus lower-body/contact correction,0.01663959,/data3/yangfeiyang/WorkSpace/optimized_wham/output/forehand_clear/6月2日-2,feet_refined,60.0,119,high,0.14181846,0.00127554,,0,0.0,0.0,229,0.01536405,0.0026127,/data3/yangfeiyang/WorkSpace/optimized_wham/output/forehand_clear/6月2日-2/lower_body_corrected/corrected_smpl.pkl,0.41711798,0.41711798,0.0,,0.00226176,0.00066059,6月2日-2,june2,03_lower_body_corrected,3,merged
0.80837339,2.87240767,0.35169569,317,Original WHAM signal,-0.85029858,/data3/yangfeiyang/WorkSpace/optimized_wham/output/forehand_clear/6月2日-3,feet_refined,60.0,132,high,-0.69694644,-0.89607924,,528,0.89607924,0.84083933,256,0.04578066,0.01124568,/data3/yangfeiyang/WorkSpace/optimized_wham/output/forehand_clear/6月2日-3/wham_output.pkl,0.0,0.0,0.0,,0.00396408,0.0006176,6月2日-3,june2,00_raw_wham,0,merged
0.0,2.87240767,0.35169569,317,Fixed-beta canonical signal,-0.85029858,/data3/yangfeiyang/WorkSpace/optimized_wham/output/forehand_clear/6月2日-3,feet_refined,60.0,132,high,-0.69694644,-0.89607924,,528,0.89607924,0.84083933,256,0.04578066,0.01124568,/data3/yangfeiyang/WorkSpace/optimized_wham/output/forehand_clear/6月2日-3/canonical_wham_output.pkl,0.0,0.0,0.0,,0.00805789,0.00089715,6月2日-3,june2,01_fixed_beta,1,merged
0.0,2.87240767,0.35169569,317,World-grounded signal,0.02258557,/data3/yangfeiyang/WorkSpace/optimized_wham/output/forehand_clear/6月2日-3,feet_refined,60.0,132,high,0.19512409,-0.03039712,,146,0.03039712,0.00296805,258,0.05298269,0.01225873,/data3/yangfeiyang/WorkSpace/optimized_wham/output/forehand_clear/6月2日-3/world_grounded/optimized_canonical_wham_output.pkl,0.0,0.0,0.0,,0.00260055,0.00064511,6月2日-3,june2,02_world_grounded,2,merged
0.0,9.58348942,0.26227349,68,Post-processed signal: world-grounded plus lower-body/contact correction,0.01787168,/data3/yangfeiyang/WorkSpace/optimized_wham/output/forehand_clear/6月2日-3,feet_refined,60.0,132,high,0.16245592,-0.0009321,,4,0.0009321,2.34e-06,253,0.01880378,0.00374507,/data3/yangfeiyang/WorkSpace/optimized_wham/output/forehand_clear/6月2日-3/lower_body_corrected/corrected_smpl.pkl,0.35192534,0.35192534,0.0,,0.00260055,0.00064511,6月2日-3,june2,03_lower_body_corrected,3,merged
0.65927505,2.87888002,0.33146033,253,Original WHAM signal,-0.84695649,/data3/yangfeiyang/WorkSpace/optimized_wham/output/forehand_clear/6月2日-4,feet_refined,60.0,113,high,-0.75826448,-0.90457463,,452,0.90457463,0.83952343,232,0.05761814,0.01225377,/data3/yangfeiyang/WorkSpace/optimized_wham/output/forehand_clear/6月2日-4/wham_output.pkl,0.0,0.0,0.0,,0.00168975,0.00045856,6月2日-4,june2,00_raw_wham,0,merged
0.0,2.87888002,0.33146033,253,Fixed-beta canonical signal,-0.84695649,/data3/yangfeiyang/WorkSpace/optimized_wham/output/forehand_clear/6月2日-4,feet_refined,60.0,113,high,-0.75826448,-0.90457463,,452,0.90457463,0.83952343,232,0.05761814,0.01225377,/data3/yangfeiyang/WorkSpace/optimized_wham/output/forehand_clear/6月2日-4/canonical_wham_output.pkl,0.0,0.0,0.0,,0.00574023,0.00073426,6月2日-4,june2,01_fixed_beta,1,merged
0.0,2.87888002,0.33146033,253,World-grounded signal,0.02644122,/data3/yangfeiyang/WorkSpace/optimized_wham/output/forehand_clear/6月2日-4,feet_refined,60.0,113,high,0.11220974,-0.04077178,,125,0.04077178,0.00357693,241,0.067213,0.01518403,/data3/yangfeiyang/WorkSpace/optimized_wham/output/forehand_clear/6月2日-4/world_grounded/optimized_canonical_wham_output.pkl,0.0,0.0,0.0,,0.00393075,0.0008512,6月2日-4,june2,02_world_grounded,2,merged
0.0,1.08524299,0.0939123,60,Post-processed signal: world-grounded plus lower-body/contact correction,0.00526738,/data3/yangfeiyang/WorkSpace/optimized_wham/output/forehand_clear/6月2日-4,feet_refined,60.0,113,high,0.0975346,-0.00303918,,134,0.00303918,0.00038856,219,0.00830656,0.00247743,/data3/yangfeiyang/WorkSpace/optimized_wham/output/forehand_clear/6月2日-4/lower_body_corrected/corrected_smpl.pkl,0.43945217,0.43945217,0.0,,0.00115579,0.00028794,6月2日-4,june2,03_lower_body_corrected,3,merged
0.76130879,2.46063089,0.36037594,343,Original WHAM signal,-0.85123843,/data3/yangfeiyang/WorkSpace/optimized_wham/output/forehand_clear/6月2日-5,feet_refined,60.0,128,high,-0.74691975,-0.90470892,,512,0.90470892,0.84417129,255,0.05347049,0.01268135,/data3/yangfeiyang/WorkSpace/optimized_wham/output/forehand_clear/6月2日-5/wham_output.pkl,0.0,0.0,0.0,,0.00291962,0.00058204,6月2日-5,june2,00_raw_wham,0,merged
0.0,2.46063089,0.36037594,343,Fixed-beta canonical signal,-0.85123843,/data3/yangfeiyang/WorkSpace/optimized_wham/output/forehand_clear/6月2日-5,feet_refined,60.0,128,high,-0.74691975,-0.90470892,,512,0.90470892,0.84417129,255,0.05347049,0.01268135,/data3/yangfeiyang/WorkSpace/optimized_wham/output/forehand_clear/6月2日-5/canonical_wham_output.pkl,0.0,0.0,0.0,,0.00633162,0.00078187,6月2日-5,june2,01_fixed_beta,1,merged
0.0,2.46063089,0.36037594,343,World-grounded signal,0.0176602,/data3/yangfeiyang/WorkSpace/optimized_wham/output/forehand_clear/6月2日-5,feet_refined,60.0,128,high,0.15131676,-0.03405988,,164,0.03405988,0.00470644,257,0.05172008,0.01234402,/data3/yangfeiyang/WorkSpace/optimized_wham/output/forehand_clear/6月2日-5/world_grounded/optimized_canonical_wham_output.pkl,0.0,0.0,0.0,,0.00506198,0.00112943,6月2日-5,june2,02_world_grounded,2,merged
0.0,10.0679636,0.31342423,69,Post-processed signal: world-grounded plus lower-body/contact correction,0.00163949,/data3/yangfeiyang/WorkSpace/optimized_wham/output/forehand_clear/6月2日-5,feet_refined,60.0,128,high,0.15810376,-0.00500584,,200,0.00500584,0.00060184,241,0.00664532,0.00130545,/data3/yangfeiyang/WorkSpace/optimized_wham/output/forehand_clear/6月2日-5/lower_body_corrected/corrected_smpl.pkl,0.4121173,0.4121173,0.0,,0.00419694,0.00085123,6月2日-5,june2,03_lower_body_corrected,3,merged
0.68757272,2.79493713,0.41758394,347,Original WHAM signal,-0.85248941,/data3/yangfeiyang/WorkSpace/optimized_wham/output/forehand_clear/6月2日-6,feet_refined,60.0,120,high,-0.72561169,-0.90931886,,480,0.90931886,0.84053153,238,0.05682945,0.0126255,/data3/yangfeiyang/WorkSpace/optimized_wham/output/forehand_clear/6月2日-6/wham_output.pkl,0.0,0.0,0.0,,0.00306511,0.00053308,6月2日-6,june2,00_raw_wham,0,merged
0.0,2.79493713,0.41758394,347,Fixed-beta canonical signal,-0.85248941,/data3/yangfeiyang/WorkSpace/optimized_wham/output/forehand_clear/6月2日-6,feet_refined,60.0,120,high,-0.72561169,-0.90931886,,480,0.90931886,0.84053153,238,0.05682945,0.0126255,/data3/yangfeiyang/WorkSpace/optimized_wham/output/forehand_clear/6月2日-6/canonical_wham_output.pkl,0.0,0.0,0.0,,0.00602448,0.00078807,6月2日-6,june2,01_fixed_beta,1,merged
0.0,2.79493713,0.41758394,347,World-grounded signal,0.01161128,/data3/yangfeiyang/WorkSpace/optimized_wham/output/forehand_clear/6月2日-6,feet_refined,60.0,120,high,0.17579132,-0.03908211,,156,0.03908211,0.00485902,233,0.05069339,0.00989101,/data3/yangfeiyang/WorkSpace/optimized_wham/output/forehand_clear/6月2日-6/world_grounded/optimized_canonical_wham_output.pkl,0.0,0.0,0.0,,0.00406218,0.00098697,6月2日-6,june2,02_world_grounded,2,merged
0.0,10.19408894,0.36354655,57,Post-processed signal: world-grounded plus lower-body/contact correction,0.00862634,/data3/yangfeiyang/WorkSpace/optimized_wham/output/forehand_clear/6月2日-6,feet_refined,60.0,120,high,0.13724935,-0.00716293,,85,0.00716293,0.00040023,233,0.01578927,0.00296106,/data3/yangfeiyang/WorkSpace/optimized_wham/output/forehand_clear/6月2日-6/lower_body_corrected/corrected_smpl.pkl,0.41987467,0.41987467,0.0,,0.00406218,0.00098697,6月2日-6,june2,03_lower_body_corrected,3,merged
0.76536489,3.47443485,0.41342291,313,Original WHAM signal,-0.84579933,/data3/yangfeiyang/WorkSpace/optimized_wham/output/forehand_clear/6月2日-7,feet_refined,60.0,119,high,-0.69175941,-0.89611417,,476,0.89611417,0.83704805,225,0.05031484,0.01309247,/data3/yangfeiyang/WorkSpace/optimized_wham/output/forehand_clear/6月2日-7/wham_output.pkl,0.0,0.0,0.0,,0.0028193,0.00057611,6月2日-7,june2,00_raw_wham,0,merged
0.0,3.47443485,0.41342291,313,Fixed-beta canonical signal,-0.84579933,/data3/yangfeiyang/WorkSpace/optimized_wham/output/forehand_clear/6月2日-7,feet_refined,60.0,119,high,-0.69175941,-0.89611417,,476,0.89611417,0.83704805,225,0.05031484,0.01309247,/data3/yangfeiyang/WorkSpace/optimized_wham/output/forehand_clear/6月2日-7/canonical_wham_output.pkl,0.0,0.0,0.0,,0.00670111,0.00083422,6月2日-7,june2,01_fixed_beta,1,merged
0.0,3.47443485,0.41342291,313,World-grounded signal,0.02273875,/data3/yangfeiyang/WorkSpace/optimized_wham/output/forehand_clear/6月2日-7,feet_refined,60.0,119,high,0.19499999,-0.04448062,,144,0.04448062,0.00402701,235,0.06721938,0.01350546,/data3/yangfeiyang/WorkSpace/optimized_wham/output/forehand_clear/6月2日-7/world_grounded/optimized_canonical_wham_output.pkl,0.0,0.0,0.0,,0.00938427,0.00146776,6月2日-7,june2,02_world_grounded,2,merged
0.0,9.59320354,0.33013746,62,Post-processed signal: world-grounded plus lower-body/contact correction,0.00290453,/data3/yangfeiyang/WorkSpace/optimized_wham/output/forehand_clear/6月2日-7,feet_refined,60.0,119,high,0.12894028,-0.006432,,167,0.006432,0.00058073,221,0.00933653,0.00174916,/data3/yangfeiyang/WorkSpace/optimized_wham/output/forehand_clear/6月2日-7/lower_body_corrected/corrected_smpl.pkl,0.39161858,0.39161858,0.0,,0.00527453,0.00098667,6月2日-7,june2,03_lower_body_corrected,3,merged
0.91838562,12.453372,0.44613716,429,Original WHAM signal,-0.84879655,/data3/yangfeiyang/WorkSpace/optimized_wham/output/forehand_clear/video1,feet_refined,60.0,154,high,-0.73287845,-0.89492708,,616,0.89492708,0.84164113,292,0.04613054,0.00900427,/data3/yangfeiyang/WorkSpace/optimized_wham/output/forehand_clear/video1/wham_output.pkl,0.0,0.0,0.0,,0.00291111,0.00060189,video1,video,00_raw_wham,0,merged
0.0,12.453372,0.44613716,429,Fixed-beta canonical signal,-0.84879655,/data3/yangfeiyang/WorkSpace/optimized_wham/output/forehand_clear/video1,feet_refined,60.0,154,high,-0.73287845,-0.89492708,,616,0.89492708,0.84164113,292,0.04613054,0.00900427,/data3/yangfeiyang/WorkSpace/optimized_wham/output/forehand_clear/video1/canonical_wham_output.pkl,0.0,0.0,0.0,,0.02850586,0.00288566,video1,video,01_fixed_beta,1,merged
0.0,12.453372,0.44613716,429,World-grounded signal,0.01724672,/data3/yangfeiyang/WorkSpace/optimized_wham/output/forehand_clear/video1,feet_refined,60.0,154,high,0.13244855,-0.02112693,,153,0.02112693,0.00202833,318,0.03837365,0.00870982,/data3/yangfeiyang/WorkSpace/optimized_wham/output/forehand_clear/video1/world_grounded/optimized_canonical_wham_output.pkl,0.0,0.0,0.0,,0.00535607,0.00110308,video1,video,02_world_grounded,2,merged
0.0,9.00516319,0.21493882,86,Post-processed signal: world-grounded plus lower-body/contact correction,0.00235134,/data3/yangfeiyang/WorkSpace/optimized_wham/output/forehand_clear/video1,feet_refined,60.0,154,high,0.11604178,-0.00623292,,237,0.00623292,0.00071612,304,0.00858426,0.0017708,/data3/yangfeiyang/WorkSpace/optimized_wham/output/forehand_clear/video1/lower_body_corrected/corrected_smpl.pkl,0.40844387,0.40844387,0.0,,0.00561678,0.00088834,video1,video,03_lower_body_corrected,3,merged
0.80095154,2.37896585,0.36078188,454,Original WHAM signal,-0.86242348,/data3/yangfeiyang/WorkSpace/optimized_wham/output/forehand_clear/video10,feet_refined,60.0,173,high,-0.79496777,-0.89569139,,692,0.89569139,0.85556966,301,0.03326792,0.00632954,/data3/yangfeiyang/WorkSpace/optimized_wham/output/forehand_clear/video10/wham_output.pkl,0.0,0.0,0.0,,0.00209469,0.00047111,video10,video,00_raw_wham,0,merged
0.0,2.37896585,0.36078188,454,Fixed-beta canonical signal,-0.86242348,/data3/yangfeiyang/WorkSpace/optimized_wham/output/forehand_clear/video10,feet_refined,60.0,173,high,-0.79496777,-0.89569139,,692,0.89569139,0.85556966,301,0.03326792,0.00632954,/data3/yangfeiyang/WorkSpace/optimized_wham/output/forehand_clear/video10/canonical_wham_output.pkl,0.0,0.0,0.0,,0.00161815,0.0004554,video10,video,01_fixed_beta,1,merged
0.0,2.37896585,0.36078188,454,World-grounded signal,0.01016742,/data3/yangfeiyang/WorkSpace/optimized_wham/output/forehand_clear/video10,feet_refined,60.0,173,high,0.07878071,-0.0207842,,116,0.0207842,0.00085912,316,0.03095162,0.00456236,/data3/yangfeiyang/WorkSpace/optimized_wham/output/forehand_clear/video10/world_grounded/optimized_canonical_wham_output.pkl,0.0,0.0,0.0,,0.0027777,0.00046724,video10,video,02_world_grounded,2,merged
0.0,0.93712878,0.05947024,46,Post-processed signal: world-grounded plus lower-body/contact correction,0.00141847,/data3/yangfeiyang/WorkSpace/optimized_wham/output/forehand_clear/video10,feet_refined,60.0,173,high,0.07402354,-0.00480992,,256,0.00480992,0.00062174,339,0.00622839,0.00123324,/data3/yangfeiyang/WorkSpace/optimized_wham/output/forehand_clear/video10/lower_body_corrected/corrected_smpl.pkl,0.55722606,0.55722606,0.0,,0.00088185,0.00022517,video10,video,03_lower_body_corrected,3,merged
0.60228729,1.96668398,0.36008781,440,Original WHAM signal,-0.86779082,/data3/yangfeiyang/WorkSpace/optimized_wham/output/forehand_clear/video2,feet_refined,60.0,155,high,-0.79205537,-0.90366948,,620,0.90366948,0.86050868,276,0.03587866,0.00720079,/data3/yangfeiyang/WorkSpace/optimized_wham/output/forehand_clear/video2/wham_output.pkl,0.0,0.0,0.0,,0.00211762,0.00042275,video2,video,00_raw_wham,0,merged
0.0,1.96668398,0.36008781,440,Fixed-beta canonical signal,-0.86779082,/data3/yangfeiyang/WorkSpace/optimized_wham/output/forehand_clear/video2,feet_refined,60.0,155,high,-0.79205537,-0.90366948,,620,0.90366948,0.86050868,276,0.03587866,0.00720079,/data3/yangfeiyang/WorkSpace/optimized_wham/output/forehand_clear/video2/canonical_wham_output.pkl,0.0,0.0,0.0,,0.00369787,0.0005299,video2,video,01_fixed_beta,1,merged
0.0,1.96668398,0.36008781,440,World-grounded signal,0.00878954,/data3/yangfeiyang/WorkSpace/optimized_wham/output/forehand_clear/video2,feet_refined,60.0,155,high,0.09277254,-0.02125013,,137,0.02125013,0.00178745,289,0.03003967,0.00508535,/data3/yangfeiyang/WorkSpace/optimized_wham/output/forehand_clear/video2/world_grounded/optimized_canonical_wham_output.pkl,0.0,0.0,0.0,,0.00244671,0.00065448,video2,video,02_world_grounded,2,merged
0.0,11.62806797,0.17103998,34,Post-processed signal: world-grounded plus lower-body/contact correction,0.00133574,/data3/yangfeiyang/WorkSpace/optimized_wham/output/forehand_clear/video2,feet_refined,60.0,155,high,0.13964605,-0.00659454,,246,0.00659454,0.00065968,305,0.00793028,0.00126373,/data3/yangfeiyang/WorkSpace/optimized_wham/output/forehand_clear/video2/lower_body_corrected/corrected_smpl.pkl,0.3976267,0.3976267,0.0,,0.00419021,0.0005739,video2,video,03_lower_body_corrected,3,merged
0.61341965,1.98604417,0.34137389,479,Original WHAM signal,-0.87021941,/data3/yangfeiyang/WorkSpace/optimized_wham/output/forehand_clear/video3,feet_refined,60.0,173,high,-0.77654678,-0.90105021,,692,0.90105021,0.85968602,307,0.0308308,0.00594776,/data3/yangfeiyang/WorkSpace/optimized_wham/output/forehand_clear/video3/wham_output.pkl,0.0,0.0,0.0,,0.00275763,0.00046595,video3,video,00_raw_wham,0,merged
0.0,1.98604417,0.34137389,479,Fixed-beta canonical signal,-0.87021941,/data3/yangfeiyang/WorkSpace/optimized_wham/output/forehand_clear/video3,feet_refined,60.0,173,high,-0.77654678,-0.90105021,,692,0.90105021,0.85968602,307,0.0308308,0.00594776,/data3/yangfeiyang/WorkSpace/optimized_wham/output/forehand_clear/video3/canonical_wham_output.pkl,0.0,0.0,0.0,,0.00324655,0.00049838,video3,video,01_fixed_beta,1,merged
0.0,1.98604417,0.34137389,479,World-grounded signal,0.01055986,/data3/yangfeiyang/WorkSpace/optimized_wham/output/forehand_clear/video3,feet_refined,60.0,173,high,0.10506958,-0.01676178,,149,0.01676178,0.00133572,322,0.02732164,0.00538796,/data3/yangfeiyang/WorkSpace/optimized_wham/output/forehand_clear/video3/world_grounded/optimized_canonical_wham_output.pkl,0.0,0.0,0.0,,0.00255406,0.00064,video3,video,02_world_grounded,2,merged
0.0,10.55636883,0.16010295,49,Post-processed signal: world-grounded plus lower-body/contact correction,0.00154138,/data3/yangfeiyang/WorkSpace/optimized_wham/output/forehand_clear/video3,feet_refined,60.0,173,high,0.13084006,-0.0061444,,265,0.0061444,0.00063488,339,0.00768578,0.00132771,/data3/yangfeiyang/WorkSpace/optimized_wham/output/forehand_clear/video3/lower_body_corrected/corrected_smpl.pkl,0.36395472,0.36395472,0.0,,0.00379795,0.00060038,video3,video,03_lower_body_corrected,3,merged
0.97033256,2.26052618,0.37784249,496,Original WHAM signal,-0.86267859,/data3/yangfeiyang/WorkSpace/optimized_wham/output/forehand_clear/video4,feet_refined,60.0,176,high,-0.7309348,-0.89842188,,704,0.89842188,0.85087073,298,0.0357433,0.00678205,/data3/yangfeiyang/WorkSpace/optimized_wham/output/forehand_clear/video4/wham_output.pkl,0.0,0.0,0.0,,0.00232591,0.0004485,video4,video,00_raw_wham,0,merged
0.0,2.26052618,0.37784249,496,Fixed-beta canonical signal,-0.86267859,/data3/yangfeiyang/WorkSpace/optimized_wham/output/forehand_clear/video4,feet_refined,60.0,176,high,-0.7309348,-0.89842188,,704,0.89842188,0.85087073,298,0.0357433,0.00678205,/data3/yangfeiyang/WorkSpace/optimized_wham/output/forehand_clear/video4/canonical_wham_output.pkl,0.0,0.0,0.0,,0.00235957,0.00044807,video4,video,01_fixed_beta,1,merged
0.0,2.26052618,0.37784249,496,World-grounded signal,0.00837082,/data3/yangfeiyang/WorkSpace/optimized_wham/output/forehand_clear/video4,feet_refined,60.0,176,high,0.14732921,-0.02153236,,103,0.02153236,0.00055117,284,0.02990317,0.00327563,/data3/yangfeiyang/WorkSpace/optimized_wham/output/forehand_clear/video4/world_grounded/optimized_canonical_wham_output.pkl,0.0,0.0,0.0,,0.0025323,0.00060142,video4,video,02_world_grounded,2,merged
0.0,9.37085152,0.20493051,66,Post-processed signal: world-grounded plus lower-body/contact correction,0.00155735,/data3/yangfeiyang/WorkSpace/optimized_wham/output/forehand_clear/video4,feet_refined,60.0,176,high,0.1336906,-0.00600392,,239,0.00600392,0.00063361,336,0.00756127,0.00125817,/data3/yangfeiyang/WorkSpace/optimized_wham/output/forehand_clear/video4/lower_body_corrected/corrected_smpl.pkl,0.43214923,0.43214923,0.0,,0.00458068,0.00060005,video4,video,03_lower_body_corrected,3,merged
0.85401458,2.43294048,0.38993579,492,Original WHAM signal,-0.86636698,/data3/yangfeiyang/WorkSpace/optimized_wham/output/forehand_clear/video5,feet_refined,60.0,179,high,-0.75091523,-0.89310032,,716,0.89310032,0.85356343,309,0.02673334,0.00542633,/data3/yangfeiyang/WorkSpace/optimized_wham/output/forehand_clear/video5/wham_output.pkl,0.0,0.0,0.0,,0.00211768,0.00051186,video5,video,00_raw_wham,0,merged
0.0,2.43294048,0.38993579,492,Fixed-beta canonical signal,-0.86636698,/data3/yangfeiyang/WorkSpace/optimized_wham/output/forehand_clear/video5,feet_refined,60.0,179,high,-0.75091523,-0.89310032,,716,0.89310032,0.85356343,309,0.02673334,0.00542633,/data3/yangfeiyang/WorkSpace/optimized_wham/output/forehand_clear/video5/canonical_wham_output.pkl,0.0,0.0,0.0,,0.00280523,0.000584,video5,video,01_fixed_beta,1,merged
0.0,2.43294048,0.38993579,492,World-grounded signal,0.00770694,/data3/yangfeiyang/WorkSpace/optimized_wham/output/forehand_clear/video5,feet_refined,60.0,179,high,0.12897986,-0.01822311,,128,0.01822311,0.00072661,289,0.02593005,0.00327159,/data3/yangfeiyang/WorkSpace/optimized_wham/output/forehand_clear/video5/world_grounded/optimized_canonical_wham_output.pkl,0.0,0.0,0.0,,0.00209004,0.00040235,video5,video,02_world_grounded,2,merged
0.0,10.24847412,0.24961032,86,Post-processed signal: world-grounded plus lower-body/contact correction,0.00728929,/data3/yangfeiyang/WorkSpace/optimized_wham/output/forehand_clear/video5,feet_refined,60.0,179,high,0.12749231,-0.00591671,,85,0.00591671,0.00011331,341,0.01320601,0.00214305,/data3/yangfeiyang/WorkSpace/optimized_wham/output/forehand_clear/video5/lower_body_corrected/corrected_smpl.pkl,0.46592188,0.46592188,0.0,,0.00209004,0.00040235,video5,video,03_lower_body_corrected,3,merged
0.96333772,2.17060995,0.40788743,472,Original WHAM signal,-0.86432457,/data3/yangfeiyang/WorkSpace/optimized_wham/output/forehand_clear/video6,feet_refined,60.0,168,high,-0.76789808,-0.90462148,,672,0.90462148,0.85429204,289,0.04029691,0.00767615,/data3/yangfeiyang/WorkSpace/optimized_wham/output/forehand_clear/video6/wham_output.pkl,0.0,0.0,0.0,,0.00190847,0.0005012,video6,video,00_raw_wham,0,merged
0.0,2.17060995,0.40788743,472,Fixed-beta canonical signal,-0.86432457,/data3/yangfeiyang/WorkSpace/optimized_wham/output/forehand_clear/video6,feet_refined,60.0,168,high,-0.76789808,-0.90462148,,672,0.90462148,0.85429204,289,0.04029691,0.00767615,/data3/yangfeiyang/WorkSpace/optimized_wham/output/forehand_clear/video6/canonical_wham_output.pkl,0.0,0.0,0.0,,0.00189376,0.00053966,video6,video,01_fixed_beta,1,merged
0.0,2.17060995,0.40788743,472,World-grounded signal,0.01096034,/data3/yangfeiyang/WorkSpace/optimized_wham/output/forehand_clear/video6,feet_refined,60.0,168,high,0.11481667,-0.0253011,,131,0.0253011,0.00114386,298,0.03626144,0.00504886,/data3/yangfeiyang/WorkSpace/optimized_wham/output/forehand_clear/video6/world_grounded/optimized_canonical_wham_output.pkl,0.0,0.0,0.0,,0.00302899,0.00081424,video6,video,02_world_grounded,2,merged
0.0,9.10700417,0.20328754,61,Post-processed signal: world-grounded plus lower-body/contact correction,0.00192726,/data3/yangfeiyang/WorkSpace/optimized_wham/output/forehand_clear/video6,feet_refined,60.0,168,high,0.14969957,-0.00562263,,218,0.00562263,0.00068427,324,0.00754988,0.00145761,/data3/yangfeiyang/WorkSpace/optimized_wham/output/forehand_clear/video6/lower_body_corrected/corrected_smpl.pkl,0.53595841,0.53595841,0.0,,0.0041604,0.00065047,video6,video,03_lower_body_corrected,3,merged
0.97659874,3.43989253,0.38875839,516,Original WHAM signal,-0.86197865,/data3/yangfeiyang/WorkSpace/optimized_wham/output/forehand_clear/video7,feet_refined,60.0,190,high,-0.71933562,-0.90453583,,760,0.90453583,0.85637242,331,0.04255718,0.00838598,/data3/yangfeiyang/WorkSpace/optimized_wham/output/forehand_clear/video7/wham_output.pkl,0.0,0.0,0.0,,0.00131025,0.00041255,video7,video,00_raw_wham,0,merged
0.0,3.43989253,0.38875839,516,Fixed-beta canonical signal,-0.86197865,/data3/yangfeiyang/WorkSpace/optimized_wham/output/forehand_clear/video7,feet_refined,60.0,190,high,-0.71933562,-0.90453583,,760,0.90453583,0.85637242,331,0.04255718,0.00838598,/data3/yangfeiyang/WorkSpace/optimized_wham/output/forehand_clear/video7/canonical_wham_output.pkl,0.0,0.0,0.0,,0.00239414,0.00047043,video7,video,01_fixed_beta,1,merged
0.0,3.43989253,0.38875839,516,World-grounded signal,0.00820231,/data3/yangfeiyang/WorkSpace/optimized_wham/output/forehand_clear/video7,feet_refined,60.0,190,high,0.14204049,-0.02580506,,162,0.02580506,0.00147061,347,0.03400737,0.00440068,/data3/yangfeiyang/WorkSpace/optimized_wham/output/forehand_clear/video7/world_grounded/optimized_canonical_wham_output.pkl,0.0,0.0,0.0,,0.00314397,0.00061265,video7,video,02_world_grounded,2,merged
0.0,9.32900238,0.20807099,108,Post-processed signal: world-grounded plus lower-body/contact correction,0.00644374,/data3/yangfeiyang/WorkSpace/optimized_wham/output/forehand_clear/video7,feet_refined,60.0,190,high,0.11640239,-0.00608015,,105,0.00608015,0.0002526,368,0.01252389,0.00218021,/data3/yangfeiyang/WorkSpace/optimized_wham/output/forehand_clear/video7/lower_body_corrected/corrected_smpl.pkl,0.46561885,0.46561885,0.0,,0.00314397,0.00061265,video7,video,03_lower_body_corrected,3,merged
0.84135967,2.49745965,0.40337437,515,Original WHAM signal,-0.86114252,/data3/yangfeiyang/WorkSpace/optimized_wham/output/forehand_clear/video8,feet_refined,60.0,185,high,-0.73103827,-0.90855038,,740,0.90855038,0.85403639,313,0.04740787,0.00979049,/data3/yangfeiyang/WorkSpace/optimized_wham/output/forehand_clear/video8/wham_output.pkl,0.0,0.0,0.0,,0.00237502,0.00049685,video8,video,00_raw_wham,0,merged
0.0,2.49745965,0.40337437,515,Fixed-beta canonical signal,-0.86114252,/data3/yangfeiyang/WorkSpace/optimized_wham/output/forehand_clear/video8,feet_refined,60.0,185,high,-0.73103827,-0.90855038,,740,0.90855038,0.85403639,313,0.04740787,0.00979049,/data3/yangfeiyang/WorkSpace/optimized_wham/output/forehand_clear/video8/canonical_wham_output.pkl,0.0,0.0,0.0,,0.00266415,0.00055917,video8,video,01_fixed_beta,1,merged
0.0,2.49745965,0.40337437,515,World-grounded signal,0.00862092,/data3/yangfeiyang/WorkSpace/optimized_wham/output/forehand_clear/video8,feet_refined,60.0,185,high,0.13685519,-0.02291238,,138,0.02291238,0.0005785,313,0.0315333,0.00339528,/data3/yangfeiyang/WorkSpace/optimized_wham/output/forehand_clear/video8/world_grounded/optimized_canonical_wham_output.pkl,0.0,0.0,0.0,,0.00339204,0.00064574,video8,video,02_world_grounded,2,merged
0.0,10.20701218,0.26699066,103,Post-processed signal: world-grounded plus lower-body/contact correction,0.00636482,/data3/yangfeiyang/WorkSpace/optimized_wham/output/forehand_clear/video8,feet_refined,60.0,185,high,0.14967632,-0.00561833,,61,0.00561833,7.668e-05,353,0.01198316,0.00163601,/data3/yangfeiyang/WorkSpace/optimized_wham/output/forehand_clear/video8/lower_body_corrected/corrected_smpl.pkl,0.45694891,0.45694891,0.0,,0.00339204,0.00064574,video8,video,03_lower_body_corrected,3,merged
0.81608105,2.34132433,0.34087896,369,Original WHAM signal,-0.87574977,/data3/yangfeiyang/WorkSpace/optimized_wham/output/forehand_clear/video9,feet_refined,60.0,146,high,-0.78315091,-0.92598009,,584,0.92598009,0.87075108,275,0.05023032,0.01150448,/data3/yangfeiyang/WorkSpace/optimized_wham/output/forehand_clear/video9/wham_output.pkl,0.0,0.0,0.0,,0.00423154,0.00057568,video9,video,00_raw_wham,0,merged
0.0,2.34132433,0.34087896,369,Fixed-beta canonical signal,-0.87574977,/data3/yangfeiyang/WorkSpace/optimized_wham/output/forehand_clear/video9,feet_refined,60.0,146,high,-0.78315091,-0.92598009,,584,0.92598009,0.87075108,275,0.05023032,0.01150448,/data3/yangfeiyang/WorkSpace/optimized_wham/output/forehand_clear/video9/canonical_wham_output.pkl,0.0,0.0,0.0,,0.00664413,0.00076002,video9,video,01_fixed_beta,1,merged
0.0,2.34132433,0.34087896,369,World-grounded signal,0.0162186,/data3/yangfeiyang/WorkSpace/optimized_wham/output/forehand_clear/video9,feet_refined,60.0,146,high,0.11877775,-0.02514917,,131,0.02514917,0.00132601,287,0.04136777,0.00738156,/data3/yangfeiyang/WorkSpace/optimized_wham/output/forehand_clear/video9/world_grounded/optimized_canonical_wham_output.pkl,0.0,0.0,0.0,,0.00310779,0.00078124,video9,video,02_world_grounded,2,merged
0.0,8.61298561,0.2325967,48,Post-processed signal: world-grounded plus lower-body/contact correction,0.0017432,/data3/yangfeiyang/WorkSpace/optimized_wham/output/forehand_clear/video9,feet_refined,60.0,146,high,0.14252007,-0.00643539,,224,0.00643539,0.00059388,277,0.00817859,0.00134623,/data3/yangfeiyang/WorkSpace/optimized_wham/output/forehand_clear/video9/lower_body_corrected/corrected_smpl.pkl,0.60286313,0.60286313,0.0,,0.00297177,0.0005184,video9,video,03_lower_body_corrected,3,merged
